,prediction,better prediction,target
0,80.44296993117928,70.98479544623038,65.7
1,79.54752441748357,74.14794505756927,70.9
2,81.7073166598195,71.30982837193758,84.4
3,83.24928762932541,82.11630627774358,88.0
4,83.73237573634995,78.57850945658382,78.3
5,82.89517786496477,82.84514123456157,92.2
6,80.18418550177574,75.03823685508976,78.5
